"Артикул","Наявність"
"WE2129","В наявності"
"4510080","В наявності"
"TAOE-RH22","В наявності"
"600984500","Немає в наявності"
"2746183582","В наявності"
"005695","Немає в наявності"
"4331210  4512042","Немає в наявності"
"007070","Немає в наявності"
"2881297297","В наявності"
"TAOE-CF500","В наявності"
"F0130290JZ","Немає в наявності"
"4258545","В наявності"
"VC3018SAD","Немає в наявності"
"HL 2020 E","Немає в наявності"
"2855057841","Немає в наявності"
"006066","Немає в наявності"
"2093275","Немає в наявності"
"2747152723","В наявності"
"TA-HPW2200","В наявності"
"4350730","В наявності"
"FORT3800-M","Немає в наявності"
"2965040744","Немає в наявності"
"4260025","В наявності"
"4260025, 4512097","В наявності"
"008058","Немає в наявності"
"4514172","Немає в наявності"
"4514172 4512097","Немає в наявності"
"06014A1100","Немає в наявності"
"DCMPH566N","Немає в наявності"
"3008430525","Немає в наявності"
"G0386","В наявності"
"481014","Немає в наявності"
"G0379","В наявності"
"PT-0603","Немає в наявності"
"TAOE-VS170","В наявності"